customer_id,customer_name,country,signup_date
1,Ava Lee,UK,2023-10-01 00:00:00
2,Olivia Brown,India,2024-06-03 00:00:00
3,Liam Smith,India,2024-04-04 00:00:00
4,Mia Lee,India,2023-08-27 00:00:00
5,Noah Johnson,India,2022-06-27 00:00:00
6,Avaa Smith,UK,2022-09-01 00:00:00
7,Ava Patel,UK,2023-10-12 00:00:00
8,Olivia Smith,Australia,2024-03-18 00:00:00
9,Liam Taylor,UK,2023-08-01 00:00:00
10,Ethan Anderson,UK,2023-06-02 00:00:00
11,Ava Smith,Australia,2022-03-26 00:00:00
12,Olivia Thomas,USA,2022-08-04 00:00:00
13,Noaah Martin,USA,2023-12-16 00:00:00
14,Sophia Anderson,UK,2022-02-03 00:00:00
15,Olivia Brown,India,2022-01-09 00:00:00
16,Noah Johnson,Australia,2023-06-07 00:00:00
17,Liam Martin,Australia,2024-05-28 00:00:00
18,Liam Wilson,UK,2022-06-02 00:00:00
19,Noah Thomas,India,2022-03-01 00:00:00
20,Mia Taylor,Canada,2023-12-06 00:00:00
21,Ava Wilson,India,2023-03-17 00:00:00
22,Miaa Anderson,Canada,2022-11-30 00:00:00
23,Aarav Thomas,Australia,2023-04-18 00:00:00
24,Ethan Brown,UK,2024-05-22 00:00:00
25,Jaames Smith,Canada,2022-04-27 00:00:00
26,Aarav Smith,USA,2023-04-13 00:00:00
27,Ethaan Brown,USA,2024-06-05 00:00:00
28,Ethan Martin,Canada,2023-10-23 00:00:00
29,Emma Brown,Canada,2023-05-04 00:00:00
30,Aarav Patel,UK,2024-02-03 00:00:00
31,Sophia Martin,Canada,2023-05-22 00:00:00
32,Sophiaa Thomas,Australia,2022-02-01 00:00:00
33,Ava Taylor,UK,2023-08-20 00:00:00
34,Sophia Taylor,Canada,2022-06-07 00:00:00
35,Aarav Martin,USA,2023-12-14 00:00:00
36,Aarav Wilson,Canada,2024-06-07 00:00:00
37,Mia Smith,USA,2023-10-05 00:00:00
38,Ava Thomas,Canada,2024-03-31 00:00:00
39,Sophia Patel,Canada,2022-02-19 00:00:00
40,Noah Martin,USA,2023-06-28 00:00:00
41,Sophia Patel,Australia,2023-09-02 00:00:00
42,Ava Martin,Canada,2024-01-10 00:00:00
43,Noah Thomas,Canada,2022-09-17 00:00:00
44,Olivia Lee,UK,2022-08-06 00:00:00
45,James Anderson,USA,2022-07-31 00:00:00
46,Olivia Taylor,Canada,2023-09-09 00:00:00
47,Aaarav Brown,India,2024-03-31 00:00:00
48,Olivia Johnson,Canada,2023-09-23 00:00:00
49,Ava Lee,UK,2022-07-03 00:00:00
50,Liam Martin,India,2024-01-20 00:00:00
51,Emma Anderson,India,2022-06-11 00:00:00
52,Aarav Anderson,UK,2023-11-11 00:00:00
53,Ethan Lee,UK,2022-05-12 00:00:00
54,Ava Johnson,Australia,2024-02-06 00:00:00
55,Ava Thomas,Australia,2023-02-14 00:00:00
56,Ava Wilson,Canada,2023-04-26 00:00:00
57,Noah Lee,USA,2022-06-27 00:00:00
58,Mia Patel,Australia,2024-01-15 00:00:00
59,Emma Lee,Australia,2023-05-29 00:00:00
60,James Martin,India,2022-09-02 00:00:00
61,Aarav Martin,USA,2023-03-24 00:00:00
62,Aarav Wilson,Canada,2022-05-06 00:00:00
63,Ethan Smith,USA,2024-01-02 00:00:00
64,James Taylor,India,2023-04-15 00:00:00
65,Sophia Patel,USA,2023-06-22 00:00:00
66,Aarav Patel,USA,2023-02-01 00:00:00
67,Noah Taylor,USA,2023-05-30 00:00:00
68,Mia Wilson,USA,2024-03-21 00:00:00
69,Ethan Brown,Canada,2022-03-16 00:00:00
70,Sophia Taylor,UK,2023-11-17 00:00:00
71,Sophia Lee,UK,2023-03-18 00:00:00
72,Sophia Brown,India,2023-07-09 00:00:00
73,Sophia Lee,USA,2023-11-01 00:00:00
74,Ethan Smith,USA,2024-01-17 00:00:00
75,James Smith,UK,2023-10-29 00:00:00
76,Olivia Johnson,USA,2022-08-31 00:00:00
77,Noah Wilson,UK,2024-06-04 00:00:00
78,Olivia Smith,USA,2023-08-10 00:00:00
79,Olivia Taylor,India,2022-10-26 00:00:00
80,Liam Johnson,USA,2023-10-20 00:00:00
81,Ava Patel,India,2024-04-07 00:00:00
82,Ava Smith,India,2022-05-23 00:00:00
83,Oliviaa Thomas,India,2023-04-21 00:00:00
84,Emma Wilson,UK,2023-12-15 00:00:00
85,Ethan Patel,UK,2023-06-08 00:00:00
86,Mia Wilson,India,2022-08-10 00:00:00
87,James Patel,Australia,2024-03-25 00:00:00
88,Noah Thomas,USA,2023-12-27 00:00:00
89,Liam Anderson,USA,2023-08-15 00:00:00
90,James Taylor,Australia,2022-06-25 00:00:00
91,James Smith,UK,2023-08-22 00:00:00
92,Sophia Lee,UK,2023-07-20 00:00:00
93,Ethan Taylor,USA,2023-12-13 00:00:00
94,Noah Martin,India,2023-12-06 00:00:00
95,Noah Patel,Australia,2022-08-25 00:00:00
96,Olivia Anderson,Canada,2022-07-09 00:00:00
97,James Johnson,India,2023-11-12 00:00:00
98,Liaam Anderson,UK,2022-07-06 00:00:00
99,Olivia Wilson,UK,2023-03-01 00:00:00
100,Ava Anderson,USA,2023-07-02 00:00:00
101,Oliviaa Patel,Canada,2024-01-24 00:00:00
102,Miaa Wilson,India,2023-09-01 00:00:00
103,Mia Martin,Australia,2022-10-23 00:00:00
104,Ethan Taylor,India,2022-10-17 00:00:00
105,Sophia Lee,USA,2022-10-03 00:00:00
106,Olivia Johnson,India,2023-08-16 00:00:00
107,Oliviaa Johnson,Australia,2024-05-11 00:00:00
108,Liaam Taylor,India,2022-03-04 00:00:00
109,Noah Lee,India,2023-01-16 00:00:00
110,Mia Anderson,Australia,2022-05-31 00:00:00
111,James Taylor,Australia,2023-08-01 00:00:00
112,James Smith,UK,2022-09-21 00:00:00
113,Jaames Johnson,Canada,2022-12-17 00:00:00
114,Emma Brown,UK,2022-01-04 00:00:00
115,Emma Smith,Canada,2024-01-21 00:00:00
116,Sophia Lee,India,2023-10-01 00:00:00
117,Mia Anderson,USA,2023-04-12 00:00:00
118,Sophia Johnson,UK,2022-08-29 00:00:00
119,Aarav Martin,USA,2023-08-21 00:00:00
120,Olivia Wilson,Australia,2022-08-11 00:00:00
121,Sophia Taylor,USA,2022-04-28 00:00:00
122,Ethaan Patel,UK,2022-02-22 00:00:00
123,Mia Lee,India,2023-05-20 00:00:00
124,James Patel,Canada,2023-01-10 00:00:00
125,Noah Patel,Canada,2023-07-11 00:00:00
126,Ethaan Taylor,Canada,2023-09-25 00:00:00
127,Ethan Johnson,Australia,2022-11-18 00:00:00
128,Noah Brown,UK,2022-10-07 00:00:00
129,Noah Lee,USA,2023-03-17 00:00:00
130,Ethan Wilson,USA,2024-02-21 00:00:00
131,Liam Thomas,India,2024-05-12 00:00:00
132,Mia Brown,Canada,2023-03-20 00:00:00
133,Emma Thomas,Canada,2024-03-06 00:00:00
134,Mia Anderson,Canada,2024-02-11 00:00:00
135,Noah Brown,India,2024-04-29 00:00:00
136,James Patel,Canada,2023-07-13 00:00:00
137,Sophia Smith,Australia,2023-11-04 00:00:00
138,Liam Taylor,UK,2022-02-16 00:00:00
139,Aarav Patel,India,2022-09-23 00:00:00
140,Sophia Wilson,India,2024-04-22 00:00:00
141,Mia Anderson,USA,2023-12-15 00:00:00
142,Ethan Johnson,USA,2023-11-11 00:00:00
143,Ava Anderson,UK,2024-03-19 00:00:00
144,Liam Johnson,Canada,2022-08-06 00:00:00
145,Ethan Patel,India,2022-08-23 00:00:00
146,Ethan Smith,UK,2022-06-10 00:00:00
147,Ethan Johnson,UK,2023-03-01 00:00:00
148,Ethan Taylor,Australia,2024-01-31 00:00:00
149,James Wilson,Canada,2023-05-06 00:00:00
150,Emma Patel,UK,2024-04-05 00:00:00
151,Olivia Martin,India,2024-03-12 00:00:00
152,Noaah Thomas,Canada,2022-04-03 00:00:00
153,Noah Wilson,Canada,2022-01-09 00:00:00
154,James Lee,UK,2023-05-30 00:00:00
155,James Lee,India,2022-08-08 00:00:00
156,Sophia Martin,India,2022-04-17 00:00:00
157,Liam Wilson,Australia,2023-07-17 00:00:00
158,Ava Johnson,USA,2022-09-23 00:00:00
159,Ava Johnson,USA,2022-08-21 00:00:00
160,Sophia Johnson,Australia,2022-08-20 00:00:00
161,Ava Smith,Canada,2022-06-19 00:00:00
162,Liam Johnson,UK,2022-06-10 00:00:00
163,James Johnson,Canada,2022-07-06 00:00:00
164,James Wilson,USA,2023-03-20 00:00:00
165,Noah Wilson,Australia,2024-04-15 00:00:00
166,Emma Martin,Canada,2022-04-25 00:00:00
167,Ava Johnson,Australia,2023-05-22 00:00:00
168,Avaa Taylor,UK,2022-12-11 00:00:00
169,Emma Johnson,Australia,2023-02-16 00:00:00
170,Ava Martin,Australia,2023-06-25 00:00:00
171,James Thomas,Canada,2022-09-19 00:00:00
172,Emma Patel,India,2022-09-15 00:00:00
173,Ethan Patel,Canada,2022-11-05 00:00:00
174,Ethaan Smith,UK,2022-06-13 00:00:00
175,Noah Johnson,UK,2024-02-05 00:00:00
176,Emma Martin,Canada,2023-02-21 00:00:00
177,Noah Smith,India,2023-05-05 00:00:00
178,Emmaa Patel,India,2022-09-22 00:00:00
179,Aarav Lee,Canada,2022-07-19 00:00:00
180,Oliviaa Johnson,USA,2022-09-28 00:00:00
181,Ava Patel,India,2023-04-06 00:00:00
182,Aarav Anderson,Canada,2023-05-26 00:00:00
183,Emma Johnson,USA,2023-09-22 00:00:00
184,Emma Smith,USA,2022-11-06 00:00:00
185,Mia Johnson,India,2022-11-10 00:00:00
186,Emmaa Lee,Australia,2024-03-26 00:00:00
187,Miaa Johnson,USA,2022-07-30 00:00:00
188,Olivia Johnson,Canada,2023-05-27 00:00:00
189,Avaa Johnson,Canada,2023-10-17 00:00:00
190,Liaam Johnson,USA,2024-01-25 00:00:00
191,Ethaan Smith,Australia,2022-11-16 00:00:00
192,Sophia Martin,India,2024-05-21 00:00:00
193,James Taylor,Canada,2022-04-10 00:00:00
194,Miaa Taylor,India,2022-01-18 00:00:00
195,Sophia Lee,USA,2022-07-08 00:00:00
196,Aarav Thomas,India,2023-01-29 00:00:00
197,Liam Anderson,Australia,2024-04-30 00:00:00
198,Sophia Taylor,UK,2022-05-07 00:00:00
199,Noah Wilson,India,2022-01-05 00:00:00
200,James Martin,Canada,2022-02-28 00:00:00
201,Liam Lee,Canada,2023-04-11 00:00:00
202,Liam Brown,USA,2022-03-18 00:00:00
203,Mia Patel,USA,2022-06-08 00:00:00
204,James Martin,India,2023-10-21 00:00:00
205,Ethan Johnson,USA,2023-09-17 00:00:00
206,Liam Thomas,UK,2022-04-22 00:00:00
207,Miaa Taylor,India,2024-04-14 00:00:00
208,Sophia Lee,India,2022-10-08 00:00:00
209,Ava Patel,India,2023-02-03 00:00:00
210,James Thomas,India,2022-09-19 00:00:00
211,Sophia Anderson,UK,2023-07-03 00:00:00
212,Mia Brown,Canada,2023-03-05 00:00:00
213,Ethan Martin,UK,2023-05-12 00:00:00
214,Emma Brown,India,2022-10-21 00:00:00
215,Aarav Lee,UK,2022-11-11 00:00:00
216,Liam Patel,UK,2024-03-12 00:00:00
217,Liam Taylor,UK,2023-01-03 00:00:00
218,Liam Patel,India,2022-06-19 00:00:00
219,Miaa Anderson,India,2022-07-01 00:00:00
220,Mia Anderson,India,2024-05-01 00:00:00
221,Aarav Brown,Canada,2023-10-16 00:00:00
222,Aarav Martin,India,2023-06-02 00:00:00
223,James Brown,India,2022-03-16 00:00:00
224,Liam Thomas,UK,2023-07-25 00:00:00
225,Olivia Lee,India,2024-03-12 00:00:00
226,Sophia Thomas,UK,2022-01-29 00:00:00
227,Ava Thomas,India,2023-11-24 00:00:00
228,Ethaan Patel,UK,2023-07-25 00:00:00
229,Ethan Lee,UK,2023-02-05 00:00:00
230,James Smith,India,2022-09-09 00:00:00
231,Noah Anderson,UK,2023-02-23 00:00:00
232,Noah Johnson,USA,2024-01-16 00:00:00
233,Ethan Anderson,Australia,2023-12-09 00:00:00
234,Emma Brown,USA,2022-04-13 00:00:00
235,Ava Wilson,Canada,2024-04-12 00:00:00
236,Ava Taylor,UK,2022-10-06 00:00:00
237,Emma Taylor,India,2022-12-15 00:00:00
238,Sophia Brown,Canada,2023-10-22 00:00:00
239,Noah Taylor,USA,2022-06-18 00:00:00
240,Liam Johnson,USA,2023-05-10 00:00:00
241,Emma Martin,UK,2023-08-30 00:00:00
242,Sophia Johnson,India,2024-03-21 00:00:00
243,Olivia Brown,India,2022-09-23 00:00:00
244,Mia Johnson,India,2023-03-20 00:00:00
245,Miaa Lee,Canada,2022-02-24 00:00:00
246,Olivia Anderson,Canada,2023-02-16 00:00:00
247,Liam Wilson,Australia,2022-05-20 00:00:00
248,Emma Anderson,UK,2022-05-27 00:00:00
249,Olivia Wilson,UK,2023-05-02 00:00:00
250,Ethaan Johnson,Australia,2022-05-19 00:00:00
251,Ava Wilson,Canada,2022-02-12 00:00:00
252,Ethan Brown,Australia,2023-12-08 00:00:00
253,Oliviaa Taylor,UK,2022-03-10 00:00:00
254,Emma Brown,India,2024-02-21 00:00:00
255,Noah Smith,USA,2023-03-02 00:00:00
256,Olivia Lee,USA,2024-05-17 00:00:00
257,Olivia Lee,India,2024-01-25 00:00:00
258,Avaa Patel,Canada,2022-09-28 00:00:00
259,Liam Brown,India,2022-02-07 00:00:00
260,Emma Brown,Canada,2023-09-02 00:00:00
261,Sophiaa Lee,UK,2022-08-06 00:00:00
262,Ava Wilson,India,2023-02-10 00:00:00
263,Aarav Brown,USA,2024-03-27 00:00:00
264,Aarav Martin,India,2023-10-25 00:00:00
265,Liaam Thomas,India,2023-12-06 00:00:00
266,Sophia Taylor,USA,2022-11-02 00:00:00
267,Aarav Taylor,Canada,2024-06-16 00:00:00
268,Sophia Smith,UK,2022-04-30 00:00:00
269,Emmaa Wilson,UK,2023-08-09 00:00:00
270,Liam Smith,India,2023-09-14 00:00:00
271,Liam Johnson,India,2022-12-02 00:00:00
272,Liam Thomas,India,2022-08-01 00:00:00
273,Miaa Brown,Canada,2023-08-03 00:00:00
274,Emma Martin,UK,2023-08-29 00:00:00
275,Jaames Anderson,USA,2022-06-20 00:00:00
276,Aaarav Patel,USA,2023-09-30 00:00:00
277,Ava Smith,Australia,2022-11-02 00:00:00
278,Ethaan Wilson,Australia,2023-01-17 00:00:00
279,Liam Thomas,Australia,2023-07-01 00:00:00
280,Ethan Patel,UK,2023-12-02 00:00:00
281,Ethan Taylor,India,2023-05-26 00:00:00
282,Jaames Lee,Australia,2023-12-16 00:00:00
283,Sophia Brown,India,2023-04-29 00:00:00
284,Aarav Thomas,India,2024-04-10 00:00:00
285,Liam Taylor,USA,2022-06-29 00:00:00
286,Noah Patel,Canada,2023-09-24 00:00:00
287,James Smith,USA,2023-09-22 00:00:00
288,Mia Taylor,UK,2023-05-05 00:00:00
289,Liam Anderson,Canada,2023-01-11 00:00:00
290,Sophia Taylor,Canada,2022-08-25 00:00:00
291,Emma Lee,Canada,2024-01-20 00:00:00
292,Noaah Lee,Canada,2023-08-17 00:00:00
293,Mia Johnson,Australia,2023-05-31 00:00:00
294,Noah Patel,Canada,2024-05-08 00:00:00
295,Sophia Anderson,India,2023-04-30 00:00:00
296,Oliviaa Patel,Australia,2022-10-03 00:00:00
297,Sophia Smith,UK,2023-02-14 00:00:00
298,Aarav Johnson,USA,2022-12-24 00:00:00
299,Aarav Martin,UK,2023-05-31 00:00:00
300,Ava Taylor,India,2022-04-30 00:00:00
301,James Taylor,UK,2024-05-13 00:00:00
302,James Lee,USA,2022-04-13 00:00:00
303,Sophiaa Taylor,USA,2022-01-07 00:00:00
304,Ethan Lee,Canada,2024-05-22 00:00:00
305,Aarav Wilson,USA,2022-12-15 00:00:00
306,Olivia Wilson,USA,2023-08-24 00:00:00
307,Mia Martin,Canada,2023-10-25 00:00:00
308,James Wilson,USA,2022-05-19 00:00:00
309,Oliviaa Lee,India,2022-10-24 00:00:00
310,Liam Patel,Australia,2023-11-26 00:00:00
311,James Smith,UK,2022-06-30 00:00:00
312,Olivia Taylor,UK,2023-01-13 00:00:00
313,Noah Brown,Australia,2022-06-19 00:00:00
314,Miaa Anderson,India,2022-06-28 00:00:00
315,Liam Johnson,USA,2023-06-30 00:00:00
316,Ethan Brown,Canada,2022-10-08 00:00:00
317,Sophia Anderson,UK,2023-07-07 00:00:00
318,James Patel,Canada,2023-08-29 00:00:00
319,Emma Smith,India,2022-01-18 00:00:00
320,Sophia Patel,India,2022-04-23 00:00:00
321,Ava Anderson,India,2022-11-03 00:00:00
322,Mia Martin,USA,2023-01-27 00:00:00
323,Noah Anderson,USA,2022-07-22 00:00:00
324,Jaames Taylor,Canada,2022-07-19 00:00:00
325,Liam Thomas,USA,2024-02-07 00:00:00
326,Emma Johnson,Australia,2024-02-11 00:00:00
327,Aaarav Thomas,Australia,2022-12-31 00:00:00
328,Aarav Smith,USA,2022-11-20 00:00:00
329,Mia Taylor,USA,2023-03-12 00:00:00
330,Mia Brown,Australia,2023-08-03 00:00:00
331,Emma Brown,UK,2024-05-03 00:00:00
332,Ava Thomas,Canada,2023-03-13 00:00:00
333,Oliviaa Wilson,Australia,2024-04-14 00:00:00
334,Ethan Brown,UK,2023-11-08 00:00:00
335,Ava Anderson,Australia,2023-11-14 00:00:00
336,James Lee,UK,2023-04-07 00:00:00
337,Ethan Martin,Canada,2022-05-30 00:00:00
338,Ethan Thomas,Canada,2024-03-16 00:00:00
339,Noah Wilson,India,2022-12-10 00:00:00
340,Emma Smith,Canada,2023-09-11 00:00:00
341,Emmaa Johnson,USA,2022-01-08 00:00:00
342,Liam Lee,Australia,2022-08-17 00:00:00
343,Noah Thomas,Australia,2023-10-23 00:00:00
344,Mia Lee,Canada,2023-02-07 00:00:00
345,Ethan Brown,USA,2023-02-02 00:00:00
346,Noah Brown,Canada,2024-01-22 00:00:00
347,Noah Wilson,USA,2022-01-08 00:00:00
348,Ethan Thomas,USA,2022-11-06 00:00:00
349,Aarav Lee,USA,2023-04-04 00:00:00
350,Ava Thomas,USA,2022-12-09 00:00:00
351,Ava Taylor,India,2024-05-30 00:00:00
352,Mia Wilson,UK,2022-01-23 00:00:00
353,Aarav Patel,Canada,2022-05-23 00:00:00
354,Mia Taylor,USA,2024-04-28 00:00:00
355,Emma Johnson,UK,2024-03-28 00:00:00
356,Liam Patel,India,2023-10-17 00:00:00
357,James Martin,Australia,2023-07-03 00:00:00
358,Ethan Thomas,UK,2022-03-02 00:00:00
359,Ava Johnson,Canada,2023-07-09 00:00:00
360,Liam Patel,Canada,2023-08-19 00:00:00
361,Aarav Smith,India,2023-10-16 00:00:00
362,Liam Taylor,USA,2024-03-04 00:00:00
363,Liaam Patel,UK,2023-02-15 00:00:00
364,Liam Lee,UK,2023-06-27 00:00:00
365,Liam Patel,UK,2023-01-16 00:00:00
366,Noah Taylor,Australia,2022-04-19 00:00:00
367,James Wilson,UK,2023-09-20 00:00:00
368,Jaames Thomas,UK,2023-03-14 00:00:00
369,Aarav Smith,UK,2023-11-18 00:00:00
370,Sophia Martin,Canada,2023-05-10 00:00:00
371,Ethaan Smith,Canada,2023-01-03 00:00:00
372,Liam Smith,Canada,2024-01-18 00:00:00
373,Ethan Thomas,Australia,2023-07-13 00:00:00
374,Emma Anderson,India,2022-08-13 00:00:00
375,Miaa Wilson,USA,2024-04-24 00:00:00
376,Jaames Johnson,USA,2022-12-15 00:00:00
377,Olivia Patel,Canada,2023-11-23 00:00:00
378,James Johnson,UK,2023-10-29 00:00:00
379,Aarav Anderson,Canada,2023-06-28 00:00:00
380,Aarav Taylor,UK,2022-02-28 00:00:00
381,Noah Lee,UK,2023-02-07 00:00:00
382,Liam Brown,USA,2024-03-28 00:00:00
383,Ethan Johnson,Australia,2022-09-27 00:00:00
384,Emma Lee,Canada,2023-12-01 00:00:00
385,Liam Johnson,USA,2024-02-02 00:00:00
386,Sophia Johnson,USA,2022-10-11 00:00:00
387,Noah Lee,Canada,2024-02-07 00:00:00
388,Sophia Patel,UK,2023-05-18 00:00:00
389,Ethan Lee,USA,2024-06-03 00:00:00
390,Ethan Anderson,India,2022-07-24 00:00:00
391,Olivia Thomas,Canada,2024-01-10 00:00:00
392,Ethan Thomas,Australia,2023-02-03 00:00:00
393,Liam Anderson,UK,2022-11-06 00:00:00
394,Ethan Martin,USA,2022-08-15 00:00:00
395,Sophia Lee,Australia,2022-05-28 00:00:00
396,Noah Johnson,India,2022-05-18 00:00:00
397,Emma Patel,UK,2024-04-24 00:00:00
398,Ethan Wilson,India,2022-11-20 00:00:00
399,Ava Patel,Australia,2024-04-22 00:00:00
400,Noah Martin,Canada,2022-12-12 00:00:00
401,Olivia Patel,Australia,2024-01-22 00:00:00
402,Oliviaa Thomas,Australia,2024-05-11 00:00:00
403,Olivia Lee,Australia,2022-06-18 00:00:00
404,Ava Johnson,Australia,2023-07-02 00:00:00
405,Olivia Patel,UK,2023-05-10 00:00:00
406,Sophia Anderson,USA,2023-03-01 00:00:00
407,Liaam Smith,USA,2023-06-12 00:00:00
408,Ava Johnson,Canada,2023-09-13 00:00:00
409,Liam Patel,USA,2022-01-21 00:00:00
410,Sophia Brown,India,2023-10-01 00:00:00
411,Mia Taylor,India,2023-09-27 00:00:00
412,James Taylor,UK,2022-01-21 00:00:00
413,Olivia Brown,USA,2023-10-17 00:00:00
414,Liam Brown,India,2023-03-11 00:00:00
415,Olivia Lee,USA,2023-10-01 00:00:00
416,Noah Wilson,India,2023-02-22 00:00:00
417,James Thomas,India,2024-01-27 00:00:00
418,Liam Taylor,UK,2022-11-18 00:00:00
419,Ethaan Lee,Australia,2024-03-06 00:00:00
420,Ethan Patel,Australia,2022-11-18 00:00:00
421,Aarav Wilson,Canada,2022-08-31 00:00:00
422,Mia Brown,Canada,2022-01-24 00:00:00
423,Miaa Anderson,USA,2023-07-16 00:00:00
424,Mia Anderson,India,2023-10-29 00:00:00
425,Liam Martin,USA,2022-02-02 00:00:00
426,Noah Martin,USA,2023-09-19 00:00:00
427,Ava Patel,Australia,2023-12-17 00:00:00
428,Noah Johnson,USA,2022-09-07 00:00:00
429,Mia Smith,Canada,2023-09-22 00:00:00
430,Liam Lee,USA,2024-03-04 00:00:00
431,Emmaa Lee,India,2023-06-24 00:00:00
432,Olivia Patel,Australia,2022-05-11 00:00:00
433,Noah Taylor,USA,2023-10-20 00:00:00
434,Jaames Lee,Canada,2022-06-15 00:00:00
435,Aaarav Taylor,Australia,2023-09-11 00:00:00
436,Noaah Thomas,India,2023-11-03 00:00:00
437,Mia Brown,UK,2023-10-24 00:00:00
438,Aarav Brown,Canada,2022-07-17 00:00:00
439,Aarav Martin,USA,2022-09-22 00:00:00
440,Sophia Wilson,UK,2022-11-03 00:00:00
441,Noah Taylor,Australia,2023-03-26 00:00:00
442,Sophia Taylor,UK,2023-01-12 00:00:00
443,Noah Lee,UK,2023-09-08 00:00:00
444,Ethan Wilson,Canada,2023-11-30 00:00:00
445,Ethan Johnson,UK,2024-03-20 00:00:00
446,James Patel,UK,2023-01-15 00:00:00
447,Ethan Lee,India,2022-07-03 00:00:00
448,Aarav Thomas,Canada,2024-04-07 00:00:00
449,Mia Thomas,India,2022-09-08 00:00:00
450,Emma Smith,Australia,2022-02-20 00:00:00
451,Liam Patel,Australia,2024-03-16 00:00:00
452,Ava Lee,USA,2023-11-21 00:00:00
453,Emma Brown,India,2023-03-13 00:00:00
454,Emma Brown,USA,2023-06-17 00:00:00
455,Olivia Martin,India,2022-03-23 00:00:00
456,Miaa Thomas,India,2024-05-17 00:00:00
457,Mia Thomas,India,2022-05-22 00:00:00
458,Sophia Johnson,UK,2022-03-19 00:00:00
459,Liam Lee,Canada,2024-04-16 00:00:00
460,Mia Taylor,India,2024-02-09 00:00:00
461,Oliviaa Martin,India,2023-10-04 00:00:00
462,Noah Johnson,USA,2024-03-23 00:00:00
463,Sophia Thomas,India,2022-05-23 00:00:00
464,Emmaa Lee,UK,2023-06-27 00:00:00
465,Ethan Wilson,India,2023-08-04 00:00:00
466,Sophia Lee,Canada,2023-11-17 00:00:00
467,Aarav Martin,USA,2022-09-13 00:00:00
468,Noah Johnson,Australia,2022-02-06 00:00:00
469,Noah Lee,UK,2024-05-24 00:00:00
470,James Thomas,Australia,2022-06-01 00:00:00
471,Olivia Wilson,USA,2022-11-15 00:00:00
472,Olivia Anderson,USA,2024-03-17 00:00:00
473,Olivia Thomas,USA,2022-11-19 00:00:00
474,Olivia Thomas,Canada,2023-07-06 00:00:00
475,James Taylor,UK,2022-01-26 00:00:00
476,Aarav Patel,Australia,2022-01-23 00:00:00
477,Noah Wilson,Australia,2022-08-31 00:00:00
478,Olivia Martin,UK,2023-02-10 00:00:00
479,Emma Smith,USA,2024-02-24 00:00:00
480,Ava Lee,Australia,2024-04-05 00:00:00
481,Sophiaa Patel,Australia,2022-12-29 00:00:00
482,Ava Johnson,Canada,2023-11-27 00:00:00
483,Liam Thomas,India,2023-01-12 00:00:00
484,Ethan Brown,UK,2023-07-05 00:00:00
485,Sophia Patel,India,2022-12-29 00:00:00
486,Mia Wilson,UK,2023-07-29 00:00:00
487,Mia Anderson,UK,2022-02-10 00:00:00
488,Liam Taylor,UK,2024-01-18 00:00:00
489,Liaam Anderson,India,2023-06-06 00:00:00
490,Emma Patel,Australia,2023-02-27 00:00:00
491,Emmaa Smith,Canada,2023-03-04 00:00:00
492,Ethan Taylor,Australia,2022-01-30 00:00:00
493,Ava Lee,UK,2022-10-03 00:00:00
494,Oliviaa Wilson,Australia,2024-04-02 00:00:00
495,Sophia Patel,UK,2023-04-17 00:00:00
496,Noah Martin,Australia,2023-06-28 00:00:00
497,Liaam Brown,Canada,2023-01-23 00:00:00
498,Aarav Anderson,Australia,2022-03-23 00:00:00
499,Jaames Thomas,USA,2023-08-23 00:00:00
500,Liam Smith,Canada,2022-05-05 00:00:00
501,Sophia Smith,Australia,2023-07-25 00:00:00
502,Olivia Wilson,USA,2024-02-14 00:00:00
503,Oliviaa Taylor,Australia,2024-04-07 00:00:00
504,Oliviaa Lee,Australia,2023-08-14 00:00:00
505,Emma Martin,Canada,2024-04-06 00:00:00
506,Liam Anderson,Canada,2023-01-04 00:00:00
507,Liam Thomas,Canada,2023-12-15 00:00:00
508,Ethan Thomas,UK,2022-12-08 00:00:00
509,Emma Patel,UK,2023-11-10 00:00:00
510,Mia Taylor,UK,2022-08-07 00:00:00
511,Mia Anderson,Australia,2022-07-30 00:00:00
512,Olivia Martin,UK,2024-01-02 00:00:00
513,Liam Wilson,USA,2023-12-11 00:00:00
514,Mia Taylor,India,2022-10-03 00:00:00
515,Emma Brown,UK,2022-08-11 00:00:00
516,Emma Anderson,USA,2023-11-04 00:00:00
517,James Taylor,Australia,2023-07-24 00:00:00
518,Olivia Thomas,India,2024-05-28 00:00:00
519,Avaa Taylor,USA,2022-05-06 00:00:00
520,Mia Lee,India,2022-09-23 00:00:00
521,James Smith,UK,2023-12-02 00:00:00
522,Emma Taylor,India,2022-06-05 00:00:00
523,James Taylor,UK,2022-11-20 00:00:00
524,Jaames Taylor,UK,2024-03-10 00:00:00
525,Liam Johnson,USA,2022-07-29 00:00:00
526,Olivia Anderson,UK,2023-06-11 00:00:00
527,Ethaan Martin,Australia,2022-05-04 00:00:00
528,Sophiaa Martin,Australia,2024-01-02 00:00:00
529,Aarav Wilson,UK,2022-07-12 00:00:00
530,Emmaa Brown,Australia,2022-08-15 00:00:00
531,Jaames Smith,Canada,2024-05-03 00:00:00
532,Ethan Lee,Canada,2023-12-18 00:00:00
533,Liam Thomas,Australia,2023-02-09 00:00:00
534,Aaarav Thomas,UK,2022-08-05 00:00:00
535,Olivia Martin,Australia,2022-08-16 00:00:00
536,Ethan Martin,Canada,2023-02-11 00:00:00
537,Ava Thomas,Australia,2023-08-19 00:00:00
538,Emma Anderson,Canada,2022-04-01 00:00:00
539,Sophia Johnson,Australia,2022-06-04 00:00:00
540,Noah Thomas,Canada,2023-08-10 00:00:00
541,Liam Martin,Australia,2022-07-26 00:00:00
542,Sophiaa Brown,India,2023-11-18 00:00:00
543,Noah Anderson,India,2022-07-02 00:00:00
544,Ethan Brown,UK,2023-02-01 00:00:00
545,James Lee,UK,2023-01-30 00:00:00
546,Ethan Johnson,USA,2022-11-24 00:00:00
547,James Patel,Canada,2024-06-05 00:00:00
548,Noah Lee,USA,2023-03-28 00:00:00
549,Mia Taylor,Canada,2022-02-05 00:00:00
550,James Anderson,USA,2023-06-04 00:00:00
551,Sophiaa Taylor,UK,2022-06-27 00:00:00
552,James Lee,Australia,2022-12-26 00:00:00
553,Ava Taylor,Australia,2024-04-08 00:00:00
554,Emma Lee,UK,2023-03-11 00:00:00
555,Ava Lee,Australia,2023-05-14 00:00:00
556,James Anderson,UK,2022-07-29 00:00:00
557,Aarav Taylor,Canada,2022-07-09 00:00:00
558,Ava Smith,Canada,2022-07-27 00:00:00
559,Olivia Thomas,India,2022-08-02 00:00:00
560,Noah Anderson,USA,2023-08-21 00:00:00
561,Ethaan Smith,Canada,2022-10-22 00:00:00
562,Noah Anderson,Australia,2024-02-16 00:00:00
563,James Wilson,USA,2023-08-10 00:00:00
564,Emma Thomas,USA,2023-07-23 00:00:00
565,Emma Anderson,Canada,2022-02-17 00:00:00
566,Noah Brown,UK,2023-09-24 00:00:00
567,Aarav Smith,USA,2024-01-13 00:00:00
568,Mia Patel,India,2022-12-26 00:00:00
569,Ava Lee,India,2022-06-30 00:00:00
570,James Lee,Canada,2024-03-19 00:00:00
571,Olivia Thomas,USA,2023-11-24 00:00:00
572,Noah Wilson,UK,2023-04-18 00:00:00
573,Mia Thomas,USA,2024-05-31 00:00:00
574,Sophia Brown,India,2022-05-04 00:00:00
575,Liam Anderson,India,2024-03-24 00:00:00
576,James Patel,Canada,2022-02-14 00:00:00
577,Aarav Smith,India,2022-08-25 00:00:00
578,Noaah Lee,India,2023-01-13 00:00:00
579,Ava Wilson,Canada,2023-03-20 00:00:00
580,Mia Taylor,USA,2024-04-03 00:00:00
581,Liaam Martin,UK,2023-05-22 00:00:00
582,James Lee,Canada,2023-04-28 00:00:00
583,Ethan Smith,Australia,2024-04-04 00:00:00
584,Olivia Johnson,Canada,2022-03-15 00:00:00
585,Liam Brown,USA,2023-12-05 00:00:00
586,Liam Lee,USA,2022-12-08 00:00:00
587,Aarav Johnson,UK,2024-06-01 00:00:00
588,Ethan Thomas,Australia,2022-01-09 00:00:00
589,Ava Martin,Australia,2023-09-13 00:00:00
590,Noah Wilson,Australia,2023-04-10 00:00:00
591,Aarav Anderson,UK,2022-10-02 00:00:00
592,Noah Anderson,USA,2024-02-21 00:00:00
593,Ava Patel,UK,2023-02-22 00:00:00
594,Aarav Brown,Australia,2024-01-04 00:00:00
595,James Martin,USA,2024-02-27 00:00:00
596,Aarav Taylor,UK,2023-05-16 00:00:00
597,Ethaan Anderson,UK,2023-08-02 00:00:00
598,Ava Thomas,Australia,2022-12-13 00:00:00
599,James Thomas,Australia,2022-05-20 00:00:00
600,Aarav Wilson,Canada,2023-02-03 00:00:00
601,Sophia Lee,USA,2024-05-22 00:00:00
602,Noah Brown,Australia,2024-01-29 00:00:00
603,Sophia Wilson,Canada,2024-02-22 00:00:00
604,Ava Martin,India,2022-08-12 00:00:00
605,Ethan Smith,Australia,2023-06-05 00:00:00
606,Liam Lee,UK,2022-01-21 00:00:00
607,Sophia Lee,USA,2022-07-10 00:00:00
608,James Smith,India,2022-11-03 00:00:00
609,Emma Johnson,UK,2022-02-16 00:00:00
610,Ethan Brown,UK,2022-08-03 00:00:00
611,Liam Johnson,UK,2022-01-08 00:00:00
612,Ava Brown,India,2022-05-13 00:00:00
613,Sophia Smith,USA,2022-06-08 00:00:00
614,Ethan Martin,UK,2022-07-17 00:00:00
615,Liam Johnson,Canada,2023-05-14 00:00:00
616,Olivia Brown,Canada,2024-05-24 00:00:00
617,James Smith,UK,2022-02-01 00:00:00
618,Ethan Patel,India,2023-09-14 00:00:00
619,Emma Johnson,UK,2023-02-28 00:00:00
620,Emma Lee,UK,2022-10-04 00:00:00
621,Ava Patel,USA,2022-08-05 00:00:00
622,Ethaan Lee,UK,2022-01-08 00:00:00
623,Ethan Patel,Canada,2023-03-25 00:00:00
624,Liam Johnson,Canada,2022-04-10 00:00:00
625,Mia Johnson,Australia,2023-11-18 00:00:00
626,Liam Thomas,Canada,2022-06-03 00:00:00
627,Liam Smith,UK,2024-03-19 00:00:00
628,Noah Martin,India,2022-04-18 00:00:00
629,Sophia Anderson,Australia,2023-08-20 00:00:00
630,Sophia Wilson,Australia,2023-03-01 00:00:00
631,Aarav Martin,USA,2024-04-09 00:00:00
632,Ava Lee,USA,2023-12-23 00:00:00
633,Noah Brown,Canada,2022-08-29 00:00:00
634,Liam Martin,Australia,2023-10-18 00:00:00
635,Aarav Martin,Canada,2024-05-31 00:00:00
636,Sophia Anderson,India,2022-02-18 00:00:00
637,Sophiaa Lee,Australia,2022-12-10 00:00:00
638,Emma Lee,India,2022-04-10 00:00:00
639,Mia Thomas,India,2022-10-24 00:00:00
640,Liam Martin,UK,2024-04-04 00:00:00
641,Liam Anderson,Australia,2022-01-23 00:00:00
642,Liam Wilson,Canada,2022-11-13 00:00:00
643,Ethan Martin,Canada,2022-06-30 00:00:00
644,Mia Johnson,Canada,2023-10-26 00:00:00
645,Aarav Taylor,UK,2023-09-03 00:00:00
646,Olivia Martin,Canada,2022-06-15 00:00:00
647,Liaam Taylor,USA,2023-12-15 00:00:00
648,Olivia Johnson,UK,2022-01-26 00:00:00
649,Liaam Patel,UK,2022-10-13 00:00:00
650,Ethan Anderson,UK,2022-02-26 00:00:00
651,Ava Taylor,UK,2024-06-08 00:00:00
652,Olivia Wilson,India,2022-01-01 00:00:00
653,Emma Martin,Australia,2023-09-01 00:00:00
654,Ethan Taylor,India,2022-07-13 00:00:00
655,Olivia Taylor,USA,2023-07-13 00:00:00
656,James Smith,UK,2022-12-19 00:00:00
657,Sophia Martin,Canada,2023-05-12 00:00:00
658,Olivia Brown,Australia,2024-01-23 00:00:00
659,James Wilson,Canada,2022-03-31 00:00:00
660,Aarav Thomas,UK,2024-06-08 00:00:00
661,Oliviaa Taylor,Australia,2022-09-26 00:00:00
662,Emma Taylor,UK,2023-06-29 00:00:00
663,Aarav Johnson,India,2022-01-24 00:00:00
664,Ava Brown,India,2023-06-22 00:00:00
665,Emma Lee,Canada,2023-12-11 00:00:00
666,Ethan Johnson,USA,2024-01-27 00:00:00
667,Mia Lee,India,2022-12-24 00:00:00
668,Sophia Brown,Canada,2022-01-04 00:00:00
669,Aarav Taylor,Australia,2023-04-09 00:00:00
670,Liam Thomas,Australia,2022-07-16 00:00:00
671,Olivia Anderson,Canada,2022-07-23 00:00:00
672,James Patel,USA,2022-09-30 00:00:00
673,Ethaan Lee,UK,2023-02-13 00:00:00
674,Emma Johnson,USA,2022-06-03 00:00:00
675,Ava Smith,Canada,2023-03-22 00:00:00
676,Sophia Patel,Australia,2024-04-24 00:00:00
677,Aarav Lee,Canada,2023-01-06 00:00:00
678,Noah Patel,USA,2023-04-06 00:00:00
679,Ethaan Brown,Australia,2023-09-08 00:00:00
680,Noah Brown,Canada,2023-09-06 00:00:00
681,Mia Anderson,UK,2023-05-21 00:00:00
682,Aaarav Wilson,Australia,2022-05-12 00:00:00
683,James Anderson,Canada,2022-05-23 00:00:00
684,Olivia Martin,UK,2023-04-19 00:00:00
685,Liam Patel,UK,2022-09-24 00:00:00
686,Mia Patel,USA,2023-08-04 00:00:00
687,Jaames Taylor,Canada,2022-02-16 00:00:00
688,Liaam Johnson,USA,2022-08-20 00:00:00
689,Liam Johnson,India,2024-04-14 00:00:00
690,Olivia Smith,USA,2022-09-24 00:00:00
691,Ava Anderson,USA,2023-02-14 00:00:00
692,Avaa Wilson,Australia,2022-03-12 00:00:00
693,Liam Brown,India,2022-12-14 00:00:00
694,Aarav Patel,Canada,2024-05-07 00:00:00
695,Mia Thomas,UK,2022-02-10 00:00:00
696,Emma Anderson,Canada,2022-04-07 00:00:00
697,Ethan Martin,Australia,2023-01-25 00:00:00
698,Olivia Patel,Australia,2022-02-06 00:00:00
699,Ava Thomas,UK,2024-03-18 00:00:00
700,Emmaa Patel,USA,2023-11-22 00:00:00
701,Olivia Taylor,USA,2024-01-06 00:00:00
702,Liaam Brown,India,2023-05-01 00:00:00
703,Aarav Wilson,Canada,2023-03-01 00:00:00
704,Sophia Brown,Canada,2024-04-11 00:00:00
705,Olivia Patel,Canada,2023-12-24 00:00:00
706,James Brown,USA,2023-09-01 00:00:00
707,Ethan Brown,India,2023-04-25 00:00:00
708,Liam Anderson,USA,2023-07-04 00:00:00
709,Ava Taylor,Australia,2023-08-14 00:00:00
710,Emma Thomas,Canada,2023-04-13 00:00:00
711,James Smith,UK,2024-03-18 00:00:00
712,Ethan Martin,USA,2023-05-02 00:00:00
713,Liam Johnson,India,2023-08-26 00:00:00
714,Noah Anderson,Canada,2023-06-18 00:00:00
715,Aarav Lee,Canada,2023-09-26 00:00:00
716,Sophiaa Wilson,USA,2022-06-13 00:00:00
717,Ethan Anderson,Canada,2022-02-02 00:00:00
718,Mia Lee,USA,2023-07-17 00:00:00
719,Ava Martin,India,2023-05-15 00:00:00
720,Liam Anderson,India,2023-03-07 00:00:00
721,Aaarav Anderson,Australia,2022-10-17 00:00:00
722,Emma Wilson,USA,2022-10-17 00:00:00
723,Noah Patel,Australia,2023-04-25 00:00:00
724,Noah Patel,India,2024-05-10 00:00:00
725,Liaam Wilson,India,2023-04-16 00:00:00
726,James Johnson,USA,2023-07-20 00:00:00
727,Jaames Smith,Australia,2023-09-07 00:00:00
728,James Thomas,Australia,2022-08-10 00:00:00
729,Ethan Smith,Australia,2024-03-29 00:00:00
730,Ava Johnson,Australia,2022-05-02 00:00:00
731,Oliviaa Martin,USA,2022-06-07 00:00:00
732,Liam Thomas,USA,2023-07-17 00:00:00
733,Noah Brown,USA,2022-05-18 00:00:00
734,Ethaan Patel,Australia,2022-01-14 00:00:00
735,Olivia Taylor,USA,2022-12-20 00:00:00
736,Liam Thomas,UK,2023-12-04 00:00:00
737,Mia Martin,Australia,2024-03-20 00:00:00
738,Aarav Anderson,USA,2023-11-14 00:00:00
739,Mia Patel,UK,2024-05-30 00:00:00
740,Noah Wilson,UK,2024-04-15 00:00:00
741,Ethan Anderson,UK,2022-09-06 00:00:00
742,James Anderson,India,2022-08-15 00:00:00
743,Ethan Smith,USA,2022-06-02 00:00:00
744,James Anderson,Canada,2023-01-01 00:00:00
745,Liam Thomas,Canada,2022-01-22 00:00:00
746,Noah Johnson,Canada,2023-03-03 00:00:00
747,James Brown,Australia,2023-10-16 00:00:00
748,Mia Johnson,UK,2022-10-14 00:00:00
749,James Wilson,Australia,2024-05-13 00:00:00
750,Mia Anderson,USA,2023-12-06 00:00:00
751,Aarav Patel,Canada,2022-02-04 00:00:00
752,Noah Patel,Canada,2022-11-28 00:00:00
753,Liam Wilson,Canada,2022-01-30 00:00:00
754,Olivia Johnson,India,2022-12-05 00:00:00
755,Liam Wilson,UK,2022-01-06 00:00:00
756,Olivia Smith,India,2022-12-01 00:00:00
757,Olivia Anderson,India,2022-11-05 00:00:00
758,Miaa Johnson,USA,2022-02-02 00:00:00
759,Aarav Johnson,USA,2023-07-14 00:00:00
760,Emmaa Thomas,Canada,2022-05-20 00:00:00
761,Avaa Lee,USA,2022-09-18 00:00:00
762,Noah Wilson,UK,2023-10-25 00:00:00
763,Olivia Lee,USA,2023-02-23 00:00:00
764,Liam Smith,Australia,2022-03-20 00:00:00
765,Aarav Anderson,UK,2023-11-14 00:00:00
766,James Johnson,Canada,2022-05-07 00:00:00
767,Olivia Wilson,Canada,2024-01-21 00:00:00
768,James Anderson,Australia,2022-06-30 00:00:00
769,Aarav Martin,UK,2023-07-27 00:00:00
770,James Lee,UK,2023-06-11 00:00:00
771,Ava Thomas,USA,2022-04-12 00:00:00
772,Aarav Patel,USA,2023-10-27 00:00:00
773,Olivia Patel,USA,2023-03-15 00:00:00
774,Aarav Brown,UK,2022-07-16 00:00:00
775,Mia Taylor,UK,2023-01-22 00:00:00
776,Aarav Thomas,India,2023-04-06 00:00:00
777,James Taylor,Canada,2023-04-27 00:00:00
778,Mia Brown,USA,2022-08-02 00:00:00
779,Sophia Patel,USA,2024-04-04 00:00:00
780,Sophia Johnson,Australia,2023-02-12 00:00:00
781,Miaa Anderson,Australia,2023-01-03 00:00:00
782,Liam Brown,Canada,2023-03-09 00:00:00
783,Liam Brown,Australia,2022-07-08 00:00:00
784,Olivia Lee,India,2022-05-24 00:00:00
785,Noah Wilson,UK,2023-08-30 00:00:00
786,Aaarav Smith,India,2022-09-13 00:00:00
787,Mia Lee,UK,2023-07-14 00:00:00
788,Ethan Thomas,Australia,2023-11-18 00:00:00
789,Mia Taylor,USA,2023-09-10 00:00:00
790,Noah Lee,UK,2023-05-20 00:00:00
791,Emma Anderson,Australia,2022-07-27 00:00:00
792,Olivia Patel,UK,2022-02-17 00:00:00
793,Ava Patel,USA,2022-06-26 00:00:00
794,Mia Thomas,UK,2022-11-27 00:00:00
795,Emma Lee,India,2023-03-06 00:00:00
796,Sophia Taylor,UK,2022-11-29 00:00:00
797,Ethaan Lee,India,2024-06-12 00:00:00
798,Ava Thomas,Canada,2022-01-04 00:00:00
799,Ethan Martin,Australia,2023-06-23 00:00:00
800,Sophia Thomas,USA,2022-04-30 00:00:00
801,Olivia Martin,India,2023-06-15 00:00:00
802,Aarav Thomas,Australia,2022-08-27 00:00:00
803,Ava Wilson,USA,2022-03-13 00:00:00
804,Avaa Johnson,India,2023-01-21 00:00:00
805,Noah Wilson,Canada,2022-11-30 00:00:00
806,Noah Taylor,Australia,2022-08-08 00:00:00
807,Ethan Brown,UK,2023-03-04 00:00:00
808,Noah Lee,Canada,2024-01-29 00:00:00
809,Olivia Lee,Australia,2023-05-05 00:00:00
810,Sophia Smith,India,2022-10-24 00:00:00
811,Mia Brown,Canada,2023-04-15 00:00:00
812,Emma Thomas,India,2022-05-13 00:00:00
813,Olivia Thomas,UK,2023-11-02 00:00:00
814,Liaam Thomas,Australia,2022-08-20 00:00:00
815,Noah Wilson,Canada,2023-06-27 00:00:00
816,Noah Brown,Canada,2022-10-12 00:00:00
817,Noaah Martin,UK,2022-12-10 00:00:00
818,Emma Lee,Australia,2023-05-22 00:00:00
819,James Thomas,USA,2024-03-28 00:00:00
820,Ava Anderson,Australia,2024-01-22 00:00:00
821,Mia Martin,USA,2023-08-07 00:00:00
822,Liaam Lee,UK,2022-09-04 00:00:00
823,Ethan Taylor,UK,2022-02-19 00:00:00
824,Oliviaa Lee,Canada,2023-09-14 00:00:00
825,Emma Wilson,India,2022-02-25 00:00:00
826,James Anderson,India,2023-01-11 00:00:00
827,Ethan Smith,Australia,2023-10-14 00:00:00
828,James Taylor,Australia,2023-10-05 00:00:00
829,Sophia Thomas,India,2023-08-17 00:00:00
830,Liam Lee,Canada,2022-11-18 00:00:00
831,Mia Anderson,UK,2022-09-06 00:00:00
832,Ethan Smith,USA,2022-10-15 00:00:00
833,Noah Brown,Canada,2023-07-11 00:00:00
834,Ava Thomas,Australia,2023-08-23 00:00:00
835,Ethan Lee,India,2024-01-23 00:00:00
836,Noah Thomas,India,2022-09-06 00:00:00
837,Noah Martin,Canada,2024-03-24 00:00:00
838,Olivia Wilson,UK,2023-10-29 00:00:00
839,Emma Taylor,Canada,2024-02-11 00:00:00
840,Emma Anderson,Canada,2024-05-14 00:00:00
841,Ava Johnson,India,2022-02-10 00:00:00
842,Liaam Patel,UK,2023-07-22 00:00:00
843,Sophia Anderson,Australia,2024-03-15 00:00:00
844,Liam Martin,Canada,2023-06-18 00:00:00
845,Aarav Taylor,Australia,2023-08-06 00:00:00
846,Ava Anderson,Australia,2022-01-15 00:00:00
847,Olivia Wilson,India,2024-02-18 00:00:00
848,Noah Brown,Australia,2023-01-19 00:00:00
849,Olivia Wilson,India,2023-01-26 00:00:00
850,Emma Patel,India,2024-01-04 00:00:00
851,Ethan Anderson,Canada,2023-07-22 00:00:00
852,Emma Wilson,Australia,2023-11-29 00:00:00
853,Aarav Smith,India,2023-08-31 00:00:00
854,Emmaa Wilson,Australia,2023-06-05 00:00:00
855,Sophia Martin,Canada,2022-03-12 00:00:00
856,Sophia Patel,Canada,2023-04-28 00:00:00
857,Miaa Brown,USA,2023-07-30 00:00:00
858,Olivia Smith,USA,2023-07-31 00:00:00
859,James Johnson,USA,2024-05-25 00:00:00
860,Aarav Martin,Canada,2022-07-10 00:00:00
861,Aarav Johnson,India,2022-12-18 00:00:00
862,Sophia Patel,USA,2022-04-06 00:00:00
863,Sophia Lee,USA,2023-09-24 00:00:00
864,Ethaan Thomas,Australia,2023-12-12 00:00:00
865,Ethan Brown,India,2022-06-30 00:00:00
866,Liaam Lee,USA,2023-12-15 00:00:00
867,Emma Brown,Australia,2022-07-18 00:00:00
868,Ava Smith,USA,2022-10-06 00:00:00
869,Ethan Martin,UK,2022-06-05 00:00:00
870,Liam Wilson,Canada,2022-11-01 00:00:00
871,Noah Thomas,Canada,2023-07-14 00:00:00
872,Liam Wilson,USA,2022-02-01 00:00:00
873,Ava Taylor,Australia,2022-01-25 00:00:00
874,James Thomas,UK,2022-02-17 00:00:00
875,Olivia Martin,UK,2024-03-21 00:00:00
876,Aarav Smith,UK,2023-02-24 00:00:00
877,Mia Thomas,India,2022-04-03 00:00:00
878,Ava Anderson,Australia,2022-08-30 00:00:00
879,Sophia Taylor,USA,2022-09-09 00:00:00
880,Noah Lee,USA,2022-12-15 00:00:00
881,James Martin,Australia,2024-04-21 00:00:00
882,Sophia Patel,UK,2024-04-09 00:00:00
883,Emma Thomas,USA,2022-01-24 00:00:00
884,Mia Taylor,India,2022-11-15 00:00:00
885,Noah Brown,UK,2023-07-17 00:00:00
886,Liaam Martin,UK,2022-05-23 00:00:00
887,Sophia Thomas,UK,2023-08-04 00:00:00
888,Emma Thomas,Canada,2023-12-28 00:00:00
889,Avaa Taylor,India,2023-07-15 00:00:00
890,Noah Anderson,UK,2022-03-23 00:00:00
891,Emma Anderson,India,2023-05-20 00:00:00
892,Mia Patel,UK,2022-06-08 00:00:00
893,Liam Johnson,Canada,2023-06-23 00:00:00
894,Mia Johnson,USA,2022-04-24 00:00:00
895,Ava Lee,UK,2022-10-04 00:00:00
896,Liam Smith,Australia,2023-01-06 00:00:00
897,Ava Thomas,Australia,2023-12-27 00:00:00
898,Olivia Lee,India,2023-03-06 00:00:00
899,Noaah Patel,Australia,2022-08-03 00:00:00
900,James Smith,Australia,2024-02-19 00:00:00
901,Olivia Taylor,USA,2023-06-08 00:00:00
902,Aarav Lee,UK,2023-02-23 00:00:00
903,Aarav Anderson,USA,2023-07-16 00:00:00
904,Ava Anderson,UK,2024-01-29 00:00:00
905,Liam Martin,Canada,2023-02-23 00:00:00
906,Sophia Smith,USA,2022-12-05 00:00:00
907,James Patel,USA,2022-12-31 00:00:00
908,Ethan Wilson,USA,2023-05-31 00:00:00
909,Ava Anderson,UK,2022-05-14 00:00:00
910,Sophia Smith,USA,2024-04-13 00:00:00
911,Olivia Patel,Australia,2023-01-26 00:00:00
912,Emma Brown,Australia,2023-02-04 00:00:00
913,Ava Brown,India,2023-01-01 00:00:00
914,Sophia Smith,India,2022-06-30 00:00:00
915,Noah Taylor,India,2023-03-10 00:00:00
916,Ethaan Wilson,Australia,2023-09-02 00:00:00
917,Oliviaa Patel,Australia,2022-01-20 00:00:00
918,Liam Smith,USA,2023-11-05 00:00:00
919,Emma Martin,UK,2022-12-18 00:00:00
920,Sophia Taylor,Canada,2023-06-20 00:00:00
921,Liaam Thomas,UK,2022-05-13 00:00:00
922,Jaames Patel,UK,2023-04-11 00:00:00
923,Ava Taylor,Canada,2023-04-23 00:00:00
924,Aarav Anderson,UK,2022-11-29 00:00:00
925,James Anderson,UK,2023-11-24 00:00:00
926,Sophiaa Anderson,Canada,2023-05-16 00:00:00
927,Emma Smith,UK,2023-12-22 00:00:00
928,Noah Brown,USA,2022-01-17 00:00:00
929,Ethan Taylor,USA,2023-05-31 00:00:00
930,Ava Martin,Canada,2022-06-06 00:00:00
931,Ava Smith,Australia,2024-02-08 00:00:00
932,Sophia Taylor,Australia,2023-05-12 00:00:00
933,Liam Anderson,USA,2022-07-16 00:00:00
934,Oliviaa Wilson,India,2023-12-19 00:00:00
935,Ethan Brown,Canada,2022-07-24 00:00:00
936,Ethan Patel,USA,2022-09-13 00:00:00
937,Olivia Patel,Australia,2024-06-09 00:00:00
938,Avaa Martin,Canada,2024-03-09 00:00:00
939,Sophiaa Patel,Australia,2023-09-07 00:00:00
940,James Thomas,Australia,2023-07-20 00:00:00
941,Noah Wilson,Australia,2024-04-10 00:00:00
942,Ethan Smith,India,2023-12-09 00:00:00
943,Aarav Lee,Australia,2022-11-30 00:00:00
944,Mia Lee,UK,2022-09-23 00:00:00
945,Liam Smith,India,2023-06-13 00:00:00
946,Jaames Martin,Canada,2022-01-09 00:00:00
947,Liam Taylor,India,2023-04-09 00:00:00
948,Sophia Wilson,USA,2023-10-23 00:00:00
949,Aarav Patel,USA,2024-04-26 00:00:00
950,Olivia Taylor,Canada,2022-04-19 00:00:00
951,Mia Lee,Canada,2022-05-09 00:00:00
952,Mia Wilson,Canada,2024-02-28 00:00:00
953,Aarav Thomas,Canada,2022-05-15 00:00:00
954,Ava Martin,USA,2022-10-10 00:00:00
955,Avaa Thomas,USA,2023-01-13 00:00:00
956,Aarav Patel,India,2023-01-28 00:00:00
957,Liam Smith,India,2024-05-22 00:00:00
958,Mia Taylor,Australia,2022-08-22 00:00:00
959,Miaa Taylor,Australia,2023-01-06 00:00:00
960,Liam Martin,India,2023-06-10 00:00:00
961,Sophiaa Johnson,Australia,2024-02-21 00:00:00
962,Mia Smith,Canada,2023-10-03 00:00:00
963,Liaam Lee,USA,2024-04-28 00:00:00
964,Aarav Johnson,Canada,2022-03-25 00:00:00
965,Ethan Lee,India,2024-03-13 00:00:00
966,Sophia Martin,USA,2023-11-21 00:00:00
967,Emma Wilson,Canada,2023-02-12 00:00:00
968,Liam Wilson,Australia,2023-02-22 00:00:00
969,Olivia Smith,Canada,2022-07-14 00:00:00
970,James Lee,UK,2024-05-27 00:00:00
971,Jaames Thomas,UK,2024-04-19 00:00:00
972,Aarav Brown,India,2023-07-10 00:00:00
973,Olivia Taylor,Canada,2024-04-16 00:00:00
974,Liam Johnson,UK,2022-10-03 00:00:00
975,Sophia Wilson,Canada,2022-01-12 00:00:00
976,Aarav Patel,UK,2022-06-03 00:00:00
977,Emma Johnson,USA,2023-08-16 00:00:00
978,Sophia Smith,Canada,2022-05-24 00:00:00
979,Liam Martin,UK,2022-06-18 00:00:00
980,Liam Johnson,UK,2022-10-31 00:00:00
981,Noah Smith,Canada,2023-12-10 00:00:00
982,Aarav Lee,India,2023-01-21 00:00:00
983,Noah Anderson,Australia,2022-01-29 00:00:00
984,Liam Brown,USA,2022-04-02 00:00:00
985,Ava Anderson,USA,2023-11-28 00:00:00
986,Mia Johnson,UK,2023-10-25 00:00:00
987,Noah Thomas,Australia,2022-02-09 00:00:00
988,Noaah Anderson,Canada,2023-11-21 00:00:00
989,Noah Johnson,Canada,2024-04-07 00:00:00
990,Emma Martin,Australia,2024-02-06 00:00:00
991,Sophiaa Smith,India,2023-06-24 00:00:00
992,Aarav Thomas,Canada,2024-04-08 00:00:00
993,Mia Thomas,UK,2023-07-31 00:00:00
994,Mia Martin,UK,2024-06-10 00:00:00
995,Noah Taylor,UK,2022-01-07 00:00:00
996,Ava Anderson,UK,2024-05-10 00:00:00
997,Noah Thomas,Canada,2023-06-08 00:00:00
998,Emma Brown,India,2023-08-04 00:00:00
999,James Martin,UK,2024-05-23 00:00:00
1000,Noaah Patel,Australia,2023-05-24 00:00:00
